-- Datos QA para pruebas de flujo

INSERT INTO unidades (nombre, descripcion) VALUES
('Unidad 1', 'Descripción de la unidad 1'),
('Unidad 2', 'Descripción de la unidad 2'),
('Unidad 3', 'Descripción de la unidad 3'),
('Unidad 4', 'Descripción de la unidad 4'),
('Unidad 5', 'Descripción de la unidad 5'),
('Unidad 6', 'Descripción de la unidad 6'),
('Unidad 7', 'Descripción de la unidad 7'),
('Unidad 8', 'Descripción de la unidad 8'),
('Unidad 9', 'Descripción de la unidad 9'),
('Unidad 10', 'Descripción de la unidad 10'),
('Unidad 11', 'Descripción de la unidad 11'),
('Unidad 12', 'Descripción de la unidad 12'),
('Unidad 13', 'Descripción de la unidad 13'),
('Unidad 14', 'Descripción de la unidad 14'),
('Unidad 15', 'Descripción de la unidad 15'),
('Unidad 16', 'Descripción de la unidad 16'),
('Unidad 17', 'Descripción de la unidad 17'),
('Unidad 18', 'Descripción de la unidad 18'),
('Unidad 19', 'Descripción de la unidad 19'),
('Unidad 20', 'Descripción de la unidad 20');

INSERT INTO roles (nombre, descripcion, estado) VALUES
('Rol 1', 'Descripción del rol 1', 1),
('Rol 2', 'Descripción del rol 2', 1),
('Rol 3', 'Descripción del rol 3', 1),
('Rol 4', 'Descripción del rol 4', 1),
('Rol 5', 'Descripción del rol 5', 1),
('Rol 6', 'Descripción del rol 6', 1),
('Rol 7', 'Descripción del rol 7', 1),
('Rol 8', 'Descripción del rol 8', 1),
('Rol 9', 'Descripción del rol 9', 1),
('Rol 10', 'Descripción del rol 10', 1),
('Rol 11', 'Descripción del rol 11', 1),
('Rol 12', 'Descripción del rol 12', 1),
('Rol 13', 'Descripción del rol 13', 1),
('Rol 14', 'Descripción del rol 14', 1),
('Rol 15', 'Descripción del rol 15', 1),
('Rol 16', 'Descripción del rol 16', 1),
('Rol 17', 'Descripción del rol 17', 1),
('Rol 18', 'Descripción del rol 18', 1),
('Rol 19', 'Descripción del rol 19', 1),
('Rol 20', 'Descripción del rol 20', 1);

INSERT INTO users (rut, nombre, apellido, correo, telefono, direccion, username, rol, password_hash, estado) VALUES
('101.000.001-1', 'Usuario', 'QA1', 'usuario1@qa.cl', '+56 9 5000 0001', 'Dirección 1', 'usuario1', 'Rol 1', '$2y$12$nNyFQLLuFHy7yjLILUTlIO3NQ96Vw5rS90YCDml1ZKINCPv7Lvshe', 1),
('102.000.002-2', 'Usuario', 'QA2', 'usuario2@qa.cl', '+56 9 5000 0002', 'Dirección 2', 'usuario2', 'Rol 2', '$2y$12$nNyFQLLuFHy7yjLILUTlIO3NQ96Vw5rS90YCDml1ZKINCPv7Lvshe', 1),
('103.000.003-3', 'Usuario', 'QA3', 'usuario3@qa.cl', '+56 9 5000 0003', 'Dirección 3', 'usuario3', 'Rol 3', '$2y$12$nNyFQLLuFHy7yjLILUTlIO3NQ96Vw5rS90YCDml1ZKINCPv7Lvshe', 1),
('104.000.004-4', 'Usuario', 'QA4', 'usuario4@qa.cl', '+56 9 5000 0004', 'Dirección 4', 'usuario4', 'Rol 4', '$2y$12$nNyFQLLuFHy7yjLILUTlIO3NQ96Vw5rS90YCDml1ZKINCPv7Lvshe', 1),
('105.000.005-5', 'Usuario', 'QA5', 'usuario5@qa.cl', '+56 9 5000 0005', 'Dirección 5', 'usuario5', 'Rol 5', '$2y$12$nNyFQLLuFHy7yjLILUTlIO3NQ96Vw5rS90YCDml1ZKINCPv7Lvshe', 1),
('106.000.006-6', 'Usuario', 'QA6', 'usuario6@qa.cl', '+56 9 5000 0006', 'Dirección 6', 'usuario6', 'Rol 6', '$2y$12$nNyFQLLuFHy7yjLILUTlIO3NQ96Vw5rS90YCDml1ZKINCPv7Lvshe', 1),
('107.000.007-7', 'Usuario', 'QA7', 'usuario7@qa.cl', '+56 9 5000 0007', 'Dirección 7', 'usuario7', 'Rol 7', '$2y$12$nNyFQLLuFHy7yjLILUTlIO3NQ96Vw5rS90YCDml1ZKINCPv7Lvshe', 1),
('108.000.008-8', 'Usuario', 'QA8', 'usuario8@qa.cl', '+56 9 5000 0008', 'Dirección 8', 'usuario8', 'Rol 8', '$2y$12$nNyFQLLuFHy7yjLILUTlIO3NQ96Vw5rS90YCDml1ZKINCPv7Lvshe', 1),
('109.000.009-0', 'Usuario', 'QA9', 'usuario9@qa.cl', '+56 9 5000 0009', 'Dirección 9', 'usuario9', 'Rol 9', '$2y$12$nNyFQLLuFHy7yjLILUTlIO3NQ96Vw5rS90YCDml1ZKINCPv7Lvshe', 1),
('110.000.010-1', 'Usuario', 'QA10', 'usuario10@qa.cl', '+56 9 5000 0010', 'Dirección 10', 'usuario10', 'Rol 10', '$2y$12$nNyFQLLuFHy7yjLILUTlIO3NQ96Vw5rS90YCDml1ZKINCPv7Lvshe', 1),
('111.000.011-2', 'Usuario', 'QA11', 'usuario11@qa.cl', '+56 9 5000 0011', 'Dirección 11', 'usuario11', 'Rol 11', '$2y$12$nNyFQLLuFHy7yjLILUTlIO3NQ96Vw5rS90YCDml1ZKINCPv7Lvshe', 1),
('112.000.012-3', 'Usuario', 'QA12', 'usuario12@qa.cl', '+56 9 5000 0012', 'Dirección 12', 'usuario12', 'Rol 12', '$2y$12$nNyFQLLuFHy7yjLILUTlIO3NQ96Vw5rS90YCDml1ZKINCPv7Lvshe', 1),
('113.000.013-4', 'Usuario', 'QA13', 'usuario13@qa.cl', '+56 9 5000 0013', 'Dirección 13', 'usuario13', 'Rol 13', '$2y$12$nNyFQLLuFHy7yjLILUTlIO3NQ96Vw5rS90YCDml1ZKINCPv7Lvshe', 1),
('114.000.014-5', 'Usuario', 'QA14', 'usuario14@qa.cl', '+56 9 5000 0014', 'Dirección 14', 'usuario14', 'Rol 14', '$2y$12$nNyFQLLuFHy7yjLILUTlIO3NQ96Vw5rS90YCDml1ZKINCPv7Lvshe', 1),
('115.000.015-6', 'Usuario', 'QA15', 'usuario15@qa.cl', '+56 9 5000 0015', 'Dirección 15', 'usuario15', 'Rol 15', '$2y$12$nNyFQLLuFHy7yjLILUTlIO3NQ96Vw5rS90YCDml1ZKINCPv7Lvshe', 1),
('116.000.016-7', 'Usuario', 'QA16', 'usuario16@qa.cl', '+56 9 5000 0016', 'Dirección 16', 'usuario16', 'Rol 16', '$2y$12$nNyFQLLuFHy7yjLILUTlIO3NQ96Vw5rS90YCDml1ZKINCPv7Lvshe', 1),
('117.000.017-8', 'Usuario', 'QA17', 'usuario17@qa.cl', '+56 9 5000 0017', 'Dirección 17', 'usuario17', 'Rol 17', '$2y$12$nNyFQLLuFHy7yjLILUTlIO3NQ96Vw5rS90YCDml1ZKINCPv7Lvshe', 1),
('118.000.018-0', 'Usuario', 'QA18', 'usuario18@qa.cl', '+56 9 5000 0018', 'Dirección 18', 'usuario18', 'Rol 18', '$2y$12$nNyFQLLuFHy7yjLILUTlIO3NQ96Vw5rS90YCDml1ZKINCPv7Lvshe', 1),
('119.000.019-1', 'Usuario', 'QA19', 'usuario19@qa.cl', '+56 9 5000 0019', 'Dirección 19', 'usuario19', 'Rol 19', '$2y$12$nNyFQLLuFHy7yjLILUTlIO3NQ96Vw5rS90YCDml1ZKINCPv7Lvshe', 1),
('120.000.020-2', 'Usuario', 'QA20', 'usuario20@qa.cl', '+56 9 5000 0020', 'Dirección 20', 'usuario20', 'Rol 20', '$2y$12$nNyFQLLuFHy7yjLILUTlIO3NQ96Vw5rS90YCDml1ZKINCPv7Lvshe', 1);

INSERT INTO permissions (modulo, accion, descripcion) VALUES
('modulo1', 'accion1', 'Permiso QA 1'),
('modulo2', 'accion2', 'Permiso QA 2'),
('modulo3', 'accion3', 'Permiso QA 3'),
('modulo4', 'accion4', 'Permiso QA 4'),
('modulo5', 'accion5', 'Permiso QA 5'),
('modulo6', 'accion6', 'Permiso QA 6'),
('modulo7', 'accion7', 'Permiso QA 7'),
('modulo8', 'accion8', 'Permiso QA 8'),
('modulo9', 'accion9', 'Permiso QA 9'),
('modulo10', 'accion10', 'Permiso QA 10'),
('modulo11', 'accion11', 'Permiso QA 11'),
('modulo12', 'accion12', 'Permiso QA 12'),
('modulo13', 'accion13', 'Permiso QA 13'),
('modulo14', 'accion14', 'Permiso QA 14'),
('modulo15', 'accion15', 'Permiso QA 15'),
('modulo16', 'accion16', 'Permiso QA 16'),
('modulo17', 'accion17', 'Permiso QA 17'),
('modulo18', 'accion18', 'Permiso QA 18'),
('modulo19', 'accion19', 'Permiso QA 19'),
('modulo20', 'accion20', 'Permiso QA 20');

INSERT INTO event_types (nombre, color_class) VALUES
('Tipo QA 1', 'bg-primary-subtle text-primary'),
('Tipo QA 2', 'bg-secondary-subtle text-secondary'),
('Tipo QA 3', 'bg-success-subtle text-success'),
('Tipo QA 4', 'bg-warning-subtle text-warning'),
('Tipo QA 5', 'bg-danger-subtle text-danger'),
('Tipo QA 6', 'bg-info-subtle text-info'),
('Tipo QA 7', 'bg-dark-subtle text-dark'),
('Tipo QA 8', 'bg-primary-subtle text-primary'),
('Tipo QA 9', 'bg-secondary-subtle text-secondary'),
('Tipo QA 10', 'bg-success-subtle text-success'),
('Tipo QA 11', 'bg-warning-subtle text-warning'),
('Tipo QA 12', 'bg-danger-subtle text-danger'),
('Tipo QA 13', 'bg-info-subtle text-info'),
('Tipo QA 14', 'bg-dark-subtle text-dark'),
('Tipo QA 15', 'bg-primary-subtle text-primary'),
('Tipo QA 16', 'bg-secondary-subtle text-secondary'),
('Tipo QA 17', 'bg-success-subtle text-success'),
('Tipo QA 18', 'bg-warning-subtle text-warning'),
('Tipo QA 19', 'bg-danger-subtle text-danger'),
('Tipo QA 20', 'bg-info-subtle text-info');

INSERT INTO events (titulo, descripcion, ubicacion, fecha_inicio, fecha_fin, tipo, cupos, publico_objetivo, estado, aprobacion_estado, habilitado, unidad_id, creado_por, encargado_id) VALUES
('Evento QA 1', 'Descripción del evento QA 1', 'Sala 1', '2025-02-01 09:00:00', '2025-02-01 11:00:00', 'Tipo QA 1', 21, 'Comunidad', 'publicado', 'publicado', 1, 1, 1, 1),
('Evento QA 2', 'Descripción del evento QA 2', 'Sala 2', '2025-02-02 09:00:00', '2025-02-02 11:00:00', 'Tipo QA 2', 22, 'Comunidad', 'publicado', 'publicado', 1, 2, 2, 2),
('Evento QA 3', 'Descripción del evento QA 3', 'Sala 3', '2025-02-03 09:00:00', '2025-02-03 11:00:00', 'Tipo QA 3', 23, 'Comunidad', 'publicado', 'publicado', 1, 3, 3, 3),
('Evento QA 4', 'Descripción del evento QA 4', 'Sala 4', '2025-02-04 09:00:00', '2025-02-04 11:00:00', 'Tipo QA 4', 24, 'Comunidad', 'publicado', 'publicado', 1, 4, 4, 4),
('Evento QA 5', 'Descripción del evento QA 5', 'Sala 5', '2025-02-05 09:00:00', '2025-02-05 11:00:00', 'Tipo QA 5', 25, 'Comunidad', 'publicado', 'publicado', 1, 5, 5, 5),
('Evento QA 6', 'Descripción del evento QA 6', 'Sala 6', '2025-02-06 09:00:00', '2025-02-06 11:00:00', 'Tipo QA 6', 26, 'Comunidad', 'publicado', 'publicado', 1, 6, 6, 6),
('Evento QA 7', 'Descripción del evento QA 7', 'Sala 7', '2025-02-07 09:00:00', '2025-02-07 11:00:00', 'Tipo QA 7', 27, 'Comunidad', 'publicado', 'publicado', 1, 7, 7, 7),
('Evento QA 8', 'Descripción del evento QA 8', 'Sala 8', '2025-02-08 09:00:00', '2025-02-08 11:00:00', 'Tipo QA 8', 28, 'Comunidad', 'publicado', 'publicado', 1, 8, 8, 8),
('Evento QA 9', 'Descripción del evento QA 9', 'Sala 9', '2025-02-09 09:00:00', '2025-02-09 11:00:00', 'Tipo QA 9', 29, 'Comunidad', 'publicado', 'publicado', 1, 9, 9, 9),
('Evento QA 10', 'Descripción del evento QA 10', 'Sala 10', '2025-02-10 09:00:00', '2025-02-10 11:00:00', 'Tipo QA 10', 30, 'Comunidad', 'publicado', 'publicado', 1, 10, 10, 10),
('Evento QA 11', 'Descripción del evento QA 11', 'Sala 11', '2025-02-11 09:00:00', '2025-02-11 11:00:00', 'Tipo QA 11', 31, 'Comunidad', 'publicado', 'publicado', 1, 11, 11, 11),
('Evento QA 12', 'Descripción del evento QA 12', 'Sala 12', '2025-02-12 09:00:00', '2025-02-12 11:00:00', 'Tipo QA 12', 32, 'Comunidad', 'publicado', 'publicado', 1, 12, 12, 12),
('Evento QA 13', 'Descripción del evento QA 13', 'Sala 13', '2025-02-13 09:00:00', '2025-02-13 11:00:00', 'Tipo QA 13', 33, 'Comunidad', 'publicado', 'publicado', 1, 13, 13, 13),
('Evento QA 14', 'Descripción del evento QA 14', 'Sala 14', '2025-02-14 09:00:00', '2025-02-14 11:00:00', 'Tipo QA 14', 34, 'Comunidad', 'publicado', 'publicado', 1, 14, 14, 14),
('Evento QA 15', 'Descripción del evento QA 15', 'Sala 15', '2025-02-15 09:00:00', '2025-02-15 11:00:00', 'Tipo QA 15', 35, 'Comunidad', 'publicado', 'publicado', 1, 15, 15, 15),
('Evento QA 16', 'Descripción del evento QA 16', 'Sala 16', '2025-02-16 09:00:00', '2025-02-16 11:00:00', 'Tipo QA 16', 36, 'Comunidad', 'publicado', 'publicado', 1, 16, 16, 16),
('Evento QA 17', 'Descripción del evento QA 17', 'Sala 17', '2025-02-17 09:00:00', '2025-02-17 11:00:00', 'Tipo QA 17', 37, 'Comunidad', 'publicado', 'publicado', 1, 17, 17, 17),
('Evento QA 18', 'Descripción del evento QA 18', 'Sala 18', '2025-02-18 09:00:00', '2025-02-18 11:00:00', 'Tipo QA 18', 38, 'Comunidad', 'publicado', 'publicado', 1, 18, 18, 18),
('Evento QA 19', 'Descripción del evento QA 19', 'Sala 19', '2025-02-19 09:00:00', '2025-02-19 11:00:00', 'Tipo QA 19', 39, 'Comunidad', 'publicado', 'publicado', 1, 19, 19, 19),
('Evento QA 20', 'Descripción del evento QA 20', 'Sala 20', '2025-02-20 09:00:00', '2025-02-20 11:00:00', 'Tipo QA 20', 40, 'Comunidad', 'publicado', 'publicado', 1, 20, 20, 20);

INSERT INTO authorities (nombre, tipo, correo, telefono, fecha_inicio, fecha_fin, estado, aprobacion_estado, unidad_id) VALUES
('Autoridad QA 1', 'Tipo 1', 'autoridad1@qa.cl', '+56 9 4000 0001', '2024-01-02', NULL, 1, 'vigente', 1),
('Autoridad QA 2', 'Tipo 2', 'autoridad2@qa.cl', '+56 9 4000 0002', '2024-01-03', NULL, 1, 'vigente', 2),
('Autoridad QA 3', 'Tipo 3', 'autoridad3@qa.cl', '+56 9 4000 0003', '2024-01-04', NULL, 1, 'vigente', 3),
('Autoridad QA 4', 'Tipo 4', 'autoridad4@qa.cl', '+56 9 4000 0004', '2024-01-05', NULL, 1, 'vigente', 4),
('Autoridad QA 5', 'Tipo 5', 'autoridad5@qa.cl', '+56 9 4000 0005', '2024-01-06', NULL, 1, 'vigente', 5),
('Autoridad QA 6', 'Tipo 6', 'autoridad6@qa.cl', '+56 9 4000 0006', '2024-01-07', NULL, 1, 'vigente', 6),
('Autoridad QA 7', 'Tipo 7', 'autoridad7@qa.cl', '+56 9 4000 0007', '2024-01-08', NULL, 1, 'vigente', 7),
('Autoridad QA 8', 'Tipo 8', 'autoridad8@qa.cl', '+56 9 4000 0008', '2024-01-09', NULL, 1, 'vigente', 8),
('Autoridad QA 9', 'Tipo 9', 'autoridad9@qa.cl', '+56 9 4000 0009', '2024-01-10', NULL, 1, 'vigente', 9),
('Autoridad QA 10', 'Tipo 10', 'autoridad10@qa.cl', '+56 9 4000 0010', '2024-01-11', NULL, 1, 'vigente', 10),
('Autoridad QA 11', 'Tipo 11', 'autoridad11@qa.cl', '+56 9 4000 0011', '2024-01-12', NULL, 1, 'vigente', 11),
('Autoridad QA 12', 'Tipo 12', 'autoridad12@qa.cl', '+56 9 4000 0012', '2024-01-13', NULL, 1, 'vigente', 12),
('Autoridad QA 13', 'Tipo 13', 'autoridad13@qa.cl', '+56 9 4000 0013', '2024-01-14', NULL, 1, 'vigente', 13),
('Autoridad QA 14', 'Tipo 14', 'autoridad14@qa.cl', '+56 9 4000 0014', '2024-01-15', NULL, 1, 'vigente', 14),
('Autoridad QA 15', 'Tipo 15', 'autoridad15@qa.cl', '+56 9 4000 0015', '2024-01-16', NULL, 1, 'vigente', 15),
('Autoridad QA 16', 'Tipo 16', 'autoridad16@qa.cl', '+56 9 4000 0016', '2024-01-17', NULL, 1, 'vigente', 16),
('Autoridad QA 17', 'Tipo 17', 'autoridad17@qa.cl', '+56 9 4000 0017', '2024-01-18', NULL, 1, 'vigente', 17),
('Autoridad QA 18', 'Tipo 18', 'autoridad18@qa.cl', '+56 9 4000 0018', '2024-01-19', NULL, 1, 'vigente', 18),
('Autoridad QA 19', 'Tipo 19', 'autoridad19@qa.cl', '+56 9 4000 0019', '2024-01-20', NULL, 1, 'vigente', 19),
('Autoridad QA 20', 'Tipo 20', 'autoridad20@qa.cl', '+56 9 4000 0020', '2024-01-21', NULL, 1, 'vigente', 20);

INSERT INTO event_authorities (event_id, authority_id) VALUES
(1, 1),
(2, 2),
(3, 3),
(4, 4),
(5, 5),
(6, 6),
(7, 7),
(8, 8),
(9, 9),
(10, 10),
(11, 11),
(12, 12),
(13, 13),
(14, 14),
(15, 15),
(16, 16),
(17, 17),
(18, 18),
(19, 19),
(20, 20);

INSERT INTO event_attachments (event_id, archivo_nombre, archivo_ruta, archivo_tipo, subido_por) VALUES
(1, 'adjunto_evento_1.pdf', 'uploads/eventos/adjunto_evento_1.pdf', 'application/pdf', 1),
(2, 'adjunto_evento_2.pdf', 'uploads/eventos/adjunto_evento_2.pdf', 'application/pdf', 2),
(3, 'adjunto_evento_3.pdf', 'uploads/eventos/adjunto_evento_3.pdf', 'application/pdf', 3),
(4, 'adjunto_evento_4.pdf', 'uploads/eventos/adjunto_evento_4.pdf', 'application/pdf', 4),
(5, 'adjunto_evento_5.pdf', 'uploads/eventos/adjunto_evento_5.pdf', 'application/pdf', 5),
(6, 'adjunto_evento_6.pdf', 'uploads/eventos/adjunto_evento_6.pdf', 'application/pdf', 6),
(7, 'adjunto_evento_7.pdf', 'uploads/eventos/adjunto_evento_7.pdf', 'application/pdf', 7),
(8, 'adjunto_evento_8.pdf', 'uploads/eventos/adjunto_evento_8.pdf', 'application/pdf', 8),
(9, 'adjunto_evento_9.pdf', 'uploads/eventos/adjunto_evento_9.pdf', 'application/pdf', 9),
(10, 'adjunto_evento_10.pdf', 'uploads/eventos/adjunto_evento_10.pdf', 'application/pdf', 10),
(11, 'adjunto_evento_11.pdf', 'uploads/eventos/adjunto_evento_11.pdf', 'application/pdf', 11),
(12, 'adjunto_evento_12.pdf', 'uploads/eventos/adjunto_evento_12.pdf', 'application/pdf', 12),
(13, 'adjunto_evento_13.pdf', 'uploads/eventos/adjunto_evento_13.pdf', 'application/pdf', 13),
(14, 'adjunto_evento_14.pdf', 'uploads/eventos/adjunto_evento_14.pdf', 'application/pdf', 14),
(15, 'adjunto_evento_15.pdf', 'uploads/eventos/adjunto_evento_15.pdf', 'application/pdf', 15),
(16, 'adjunto_evento_16.pdf', 'uploads/eventos/adjunto_evento_16.pdf', 'application/pdf', 16),
(17, 'adjunto_evento_17.pdf', 'uploads/eventos/adjunto_evento_17.pdf', 'application/pdf', 17),
(18, 'adjunto_evento_18.pdf', 'uploads/eventos/adjunto_evento_18.pdf', 'application/pdf', 18),
(19, 'adjunto_evento_19.pdf', 'uploads/eventos/adjunto_evento_19.pdf', 'application/pdf', 19),
(20, 'adjunto_evento_20.pdf', 'uploads/eventos/adjunto_evento_20.pdf', 'application/pdf', 20);

INSERT INTO authority_attachments (authority_id, archivo_nombre, archivo_ruta, archivo_tipo, subido_por) VALUES
(1, 'adjunto_autoridad_1.pdf', 'uploads/autoridades/adjunto_autoridad_1.pdf', 'application/pdf', 1),
(2, 'adjunto_autoridad_2.pdf', 'uploads/autoridades/adjunto_autoridad_2.pdf', 'application/pdf', 2),
(3, 'adjunto_autoridad_3.pdf', 'uploads/autoridades/adjunto_autoridad_3.pdf', 'application/pdf', 3),
(4, 'adjunto_autoridad_4.pdf', 'uploads/autoridades/adjunto_autoridad_4.pdf', 'application/pdf', 4),
(5, 'adjunto_autoridad_5.pdf', 'uploads/autoridades/adjunto_autoridad_5.pdf', 'application/pdf', 5),
(6, 'adjunto_autoridad_6.pdf', 'uploads/autoridades/adjunto_autoridad_6.pdf', 'application/pdf', 6),
(7, 'adjunto_autoridad_7.pdf', 'uploads/autoridades/adjunto_autoridad_7.pdf', 'application/pdf', 7),
(8, 'adjunto_autoridad_8.pdf', 'uploads/autoridades/adjunto_autoridad_8.pdf', 'application/pdf', 8),
(9, 'adjunto_autoridad_9.pdf', 'uploads/autoridades/adjunto_autoridad_9.pdf', 'application/pdf', 9),
(10, 'adjunto_autoridad_10.pdf', 'uploads/autoridades/adjunto_autoridad_10.pdf', 'application/pdf', 10),
(11, 'adjunto_autoridad_11.pdf', 'uploads/autoridades/adjunto_autoridad_11.pdf', 'application/pdf', 11),
(12, 'adjunto_autoridad_12.pdf', 'uploads/autoridades/adjunto_autoridad_12.pdf', 'application/pdf', 12),
(13, 'adjunto_autoridad_13.pdf', 'uploads/autoridades/adjunto_autoridad_13.pdf', 'application/pdf', 13),
(14, 'adjunto_autoridad_14.pdf', 'uploads/autoridades/adjunto_autoridad_14.pdf', 'application/pdf', 14),
(15, 'adjunto_autoridad_15.pdf', 'uploads/autoridades/adjunto_autoridad_15.pdf', 'application/pdf', 15),
(16, 'adjunto_autoridad_16.pdf', 'uploads/autoridades/adjunto_autoridad_16.pdf', 'application/pdf', 16),
(17, 'adjunto_autoridad_17.pdf', 'uploads/autoridades/adjunto_autoridad_17.pdf', 'application/pdf', 17),
(18, 'adjunto_autoridad_18.pdf', 'uploads/autoridades/adjunto_autoridad_18.pdf', 'application/pdf', 18),
(19, 'adjunto_autoridad_19.pdf', 'uploads/autoridades/adjunto_autoridad_19.pdf', 'application/pdf', 19),
(20, 'adjunto_autoridad_20.pdf', 'uploads/autoridades/adjunto_autoridad_20.pdf', 'application/pdf', 20);

INSERT INTO document_categories (nombre, descripcion) VALUES
('Categoría 1', 'Descripción categoría 1'),
('Categoría 2', 'Descripción categoría 2'),
('Categoría 3', 'Descripción categoría 3'),
('Categoría 4', 'Descripción categoría 4'),
('Categoría 5', 'Descripción categoría 5'),
('Categoría 6', 'Descripción categoría 6'),
('Categoría 7', 'Descripción categoría 7'),
('Categoría 8', 'Descripción categoría 8'),
('Categoría 9', 'Descripción categoría 9'),
('Categoría 10', 'Descripción categoría 10'),
('Categoría 11', 'Descripción categoría 11'),
('Categoría 12', 'Descripción categoría 12'),
('Categoría 13', 'Descripción categoría 13'),
('Categoría 14', 'Descripción categoría 14'),
('Categoría 15', 'Descripción categoría 15'),
('Categoría 16', 'Descripción categoría 16'),
('Categoría 17', 'Descripción categoría 17'),
('Categoría 18', 'Descripción categoría 18'),
('Categoría 19', 'Descripción categoría 19'),
('Categoría 20', 'Descripción categoría 20');

INSERT INTO document_tags (nombre) VALUES
('Etiqueta 1'),
('Etiqueta 2'),
('Etiqueta 3'),
('Etiqueta 4'),
('Etiqueta 5'),
('Etiqueta 6'),
('Etiqueta 7'),
('Etiqueta 8'),
('Etiqueta 9'),
('Etiqueta 10'),
('Etiqueta 11'),
('Etiqueta 12'),
('Etiqueta 13'),
('Etiqueta 14'),
('Etiqueta 15'),
('Etiqueta 16'),
('Etiqueta 17'),
('Etiqueta 18'),
('Etiqueta 19'),
('Etiqueta 20');

INSERT INTO documents (titulo, descripcion, categoria_id, unidad_id, estado, created_by) VALUES
('Documento QA 1', 'Descripción documento 1', 1, 1, 'vigente', 1),
('Documento QA 2', 'Descripción documento 2', 2, 2, 'vigente', 2),
('Documento QA 3', 'Descripción documento 3', 3, 3, 'vigente', 3),
('Documento QA 4', 'Descripción documento 4', 4, 4, 'vigente', 4),
('Documento QA 5', 'Descripción documento 5', 5, 5, 'vigente', 5),
('Documento QA 6', 'Descripción documento 6', 6, 6, 'vigente', 6),
('Documento QA 7', 'Descripción documento 7', 7, 7, 'vigente', 7),
('Documento QA 8', 'Descripción documento 8', 8, 8, 'vigente', 8),
('Documento QA 9', 'Descripción documento 9', 9, 9, 'vigente', 9),
('Documento QA 10', 'Descripción documento 10', 10, 10, 'vigente', 10),
('Documento QA 11', 'Descripción documento 11', 11, 11, 'vigente', 11),
('Documento QA 12', 'Descripción documento 12', 12, 12, 'vigente', 12),
('Documento QA 13', 'Descripción documento 13', 13, 13, 'vigente', 13),
('Documento QA 14', 'Descripción documento 14', 14, 14, 'vigente', 14),
('Documento QA 15', 'Descripción documento 15', 15, 15, 'vigente', 15),
('Documento QA 16', 'Descripción documento 16', 16, 16, 'vigente', 16),
('Documento QA 17', 'Descripción documento 17', 17, 17, 'vigente', 17),
('Documento QA 18', 'Descripción documento 18', 18, 18, 'vigente', 18),
('Documento QA 19', 'Descripción documento 19', 19, 19, 'vigente', 19),
('Documento QA 20', 'Descripción documento 20', 20, 20, 'vigente', 20);

INSERT INTO document_versions (document_id, version, archivo_ruta, archivo_tipo, vencimiento, created_by) VALUES
(1, 'v1.1', 'uploads/documentos/doc_1.pdf', 'application/pdf', '2026-12-31', 1),
(2, 'v1.2', 'uploads/documentos/doc_2.pdf', 'application/pdf', '2026-12-31', 2),
(3, 'v1.3', 'uploads/documentos/doc_3.pdf', 'application/pdf', '2026-12-31', 3),
(4, 'v1.4', 'uploads/documentos/doc_4.pdf', 'application/pdf', '2026-12-31', 4),
(5, 'v1.5', 'uploads/documentos/doc_5.pdf', 'application/pdf', '2026-12-31', 5),
(6, 'v1.6', 'uploads/documentos/doc_6.pdf', 'application/pdf', '2026-12-31', 6),
(7, 'v1.7', 'uploads/documentos/doc_7.pdf', 'application/pdf', '2026-12-31', 7),
(8, 'v1.8', 'uploads/documentos/doc_8.pdf', 'application/pdf', '2026-12-31', 8),
(9, 'v1.9', 'uploads/documentos/doc_9.pdf', 'application/pdf', '2026-12-31', 9),
(10, 'v1.10', 'uploads/documentos/doc_10.pdf', 'application/pdf', '2026-12-31', 10),
(11, 'v1.11', 'uploads/documentos/doc_11.pdf', 'application/pdf', '2026-12-31', 11),
(12, 'v1.12', 'uploads/documentos/doc_12.pdf', 'application/pdf', '2026-12-31', 12),
(13, 'v1.13', 'uploads/documentos/doc_13.pdf', 'application/pdf', '2026-12-31', 13),
(14, 'v1.14', 'uploads/documentos/doc_14.pdf', 'application/pdf', '2026-12-31', 14),
(15, 'v1.15', 'uploads/documentos/doc_15.pdf', 'application/pdf', '2026-12-31', 15),
(16, 'v1.16', 'uploads/documentos/doc_16.pdf', 'application/pdf', '2026-12-31', 16),
(17, 'v1.17', 'uploads/documentos/doc_17.pdf', 'application/pdf', '2026-12-31', 17),
(18, 'v1.18', 'uploads/documentos/doc_18.pdf', 'application/pdf', '2026-12-31', 18),
(19, 'v1.19', 'uploads/documentos/doc_19.pdf', 'application/pdf', '2026-12-31', 19),
(20, 'v1.20', 'uploads/documentos/doc_20.pdf', 'application/pdf', '2026-12-31', 20);

INSERT INTO document_tag_links (document_id, tag_id) VALUES
(1, 1),
(2, 2),
(3, 3),
(4, 4),
(5, 5),
(6, 6),
(7, 7),
(8, 8),
(9, 9),
(10, 10),
(11, 11),
(12, 12),
(13, 13),
(14, 14),
(15, 15),
(16, 16),
(17, 17),
(18, 18),
(19, 19),
(20, 20);

INSERT INTO document_access (document_id, role_id) VALUES
(1, 1),
(2, 2),
(3, 3),
(4, 4),
(5, 5),
(6, 6),
(7, 7),
(8, 8),
(9, 9),
(10, 10),
(11, 11),
(12, 12),
(13, 13),
(14, 14),
(15, 15),
(16, 16),
(17, 17),
(18, 18),
(19, 19),
(20, 20);

INSERT INTO approval_flows (nombre, entidad, unidad_id, sla_horas, estado) VALUES
('Flujo QA 1', 'Eventos', 1, 48, 'activo'),
('Flujo QA 2', 'Eventos', 2, 48, 'activo'),
('Flujo QA 3', 'Eventos', 3, 48, 'activo'),
('Flujo QA 4', 'Eventos', 4, 48, 'activo'),
('Flujo QA 5', 'Eventos', 5, 48, 'activo'),
('Flujo QA 6', 'Eventos', 6, 48, 'activo'),
('Flujo QA 7', 'Eventos', 7, 48, 'activo'),
('Flujo QA 8', 'Eventos', 8, 48, 'activo'),
('Flujo QA 9', 'Eventos', 9, 48, 'activo'),
('Flujo QA 10', 'Eventos', 10, 48, 'activo'),
('Flujo QA 11', 'Eventos', 11, 48, 'activo'),
('Flujo QA 12', 'Eventos', 12, 48, 'activo'),
('Flujo QA 13', 'Eventos', 13, 48, 'activo'),
('Flujo QA 14', 'Eventos', 14, 48, 'activo'),
('Flujo QA 15', 'Eventos', 15, 48, 'activo'),
('Flujo QA 16', 'Eventos', 16, 48, 'activo'),
('Flujo QA 17', 'Eventos', 17, 48, 'activo'),
('Flujo QA 18', 'Eventos', 18, 48, 'activo'),
('Flujo QA 19', 'Eventos', 19, 48, 'activo'),
('Flujo QA 20', 'Eventos', 20, 48, 'activo');

INSERT INTO approval_steps (flow_id, orden, responsable) VALUES
(1, 1, 'Responsable QA 1'),
(2, 1, 'Responsable QA 2'),
(3, 1, 'Responsable QA 3'),
(4, 1, 'Responsable QA 4'),
(5, 1, 'Responsable QA 5'),
(6, 1, 'Responsable QA 6'),
(7, 1, 'Responsable QA 7'),
(8, 1, 'Responsable QA 8'),
(9, 1, 'Responsable QA 9'),
(10, 1, 'Responsable QA 10'),
(11, 1, 'Responsable QA 11'),
(12, 1, 'Responsable QA 12'),
(13, 1, 'Responsable QA 13'),
(14, 1, 'Responsable QA 14'),
(15, 1, 'Responsable QA 15'),
(16, 1, 'Responsable QA 16'),
(17, 1, 'Responsable QA 17'),
(18, 1, 'Responsable QA 18'),
(19, 1, 'Responsable QA 19'),
(20, 1, 'Responsable QA 20');

INSERT INTO notification_rules (evento, destino, canal, estado) VALUES
('Evento QA 1', 'destino1@qa.cl', 'email', 'activa'),
('Evento QA 2', 'destino2@qa.cl', 'email', 'activa'),
('Evento QA 3', 'destino3@qa.cl', 'email', 'activa'),
('Evento QA 4', 'destino4@qa.cl', 'email', 'activa'),
('Evento QA 5', 'destino5@qa.cl', 'email', 'activa'),
('Evento QA 6', 'destino6@qa.cl', 'email', 'activa'),
('Evento QA 7', 'destino7@qa.cl', 'email', 'activa'),
('Evento QA 8', 'destino8@qa.cl', 'email', 'activa'),
('Evento QA 9', 'destino9@qa.cl', 'email', 'activa'),
('Evento QA 10', 'destino10@qa.cl', 'email', 'activa'),
('Evento QA 11', 'destino11@qa.cl', 'email', 'activa'),
('Evento QA 12', 'destino12@qa.cl', 'email', 'activa'),
('Evento QA 13', 'destino13@qa.cl', 'email', 'activa'),
('Evento QA 14', 'destino14@qa.cl', 'email', 'activa'),
('Evento QA 15', 'destino15@qa.cl', 'email', 'activa'),
('Evento QA 16', 'destino16@qa.cl', 'email', 'activa'),
('Evento QA 17', 'destino17@qa.cl', 'email', 'activa'),
('Evento QA 18', 'destino18@qa.cl', 'email', 'activa'),
('Evento QA 19', 'destino19@qa.cl', 'email', 'activa'),
('Evento QA 20', 'destino20@qa.cl', 'email', 'activa');

INSERT INTO user_roles (user_id, role_id) VALUES
(1, 1),
(2, 2),
(3, 3),
(4, 4),
(5, 5),
(6, 6),
(7, 7),
(8, 8),
(9, 9),
(10, 10),
(11, 11),
(12, 12),
(13, 13),
(14, 14),
(15, 15),
(16, 16),
(17, 17),
(18, 18),
(19, 19),
(20, 20);

INSERT INTO role_permissions (role_id, permission_id) VALUES
(1, 1),
(2, 2),
(3, 3),
(4, 4),
(5, 5),
(6, 6),
(7, 7),
(8, 8),
(9, 9),
(10, 10),
(11, 11),
(12, 12),
(13, 13),
(14, 14),
(15, 15),
(16, 16),
(17, 17),
(18, 18),
(19, 19),
(20, 20);

INSERT INTO role_unit_permissions (role_id, unidad_id, permission_id) VALUES
(1, 1, 1),
(2, 2, 2),
(3, 3, 3),
(4, 4, 4),
(5, 5, 5),
(6, 6, 6),
(7, 7, 7),
(8, 8, 8),
(9, 9, 9),
(10, 10, 10),
(11, 11, 11),
(12, 12, 12),
(13, 13, 13),
(14, 14, 14),
(15, 15, 15),
(16, 16, 16),
(17, 17, 17),
(18, 18, 18),
(19, 19, 19),
(20, 20, 20);

INSERT INTO user_sessions (user_id, session_id, ip, user_agent, last_activity) VALUES
(1, 'sess-1', '192.168.1.1', 'QA Agent 1', NOW()),
(2, 'sess-2', '192.168.1.2', 'QA Agent 2', NOW()),
(3, 'sess-3', '192.168.1.3', 'QA Agent 3', NOW()),
(4, 'sess-4', '192.168.1.4', 'QA Agent 4', NOW()),
(5, 'sess-5', '192.168.1.5', 'QA Agent 5', NOW()),
(6, 'sess-6', '192.168.1.6', 'QA Agent 6', NOW()),
(7, 'sess-7', '192.168.1.7', 'QA Agent 7', NOW()),
(8, 'sess-8', '192.168.1.8', 'QA Agent 8', NOW()),
(9, 'sess-9', '192.168.1.9', 'QA Agent 9', NOW()),
(10, 'sess-10', '192.168.1.10', 'QA Agent 10', NOW()),
(11, 'sess-11', '192.168.1.11', 'QA Agent 11', NOW()),
(12, 'sess-12', '192.168.1.12', 'QA Agent 12', NOW()),
(13, 'sess-13', '192.168.1.13', 'QA Agent 13', NOW()),
(14, 'sess-14', '192.168.1.14', 'QA Agent 14', NOW()),
(15, 'sess-15', '192.168.1.15', 'QA Agent 15', NOW()),
(16, 'sess-16', '192.168.1.16', 'QA Agent 16', NOW()),
(17, 'sess-17', '192.168.1.17', 'QA Agent 17', NOW()),
(18, 'sess-18', '192.168.1.18', 'QA Agent 18', NOW()),
(19, 'sess-19', '192.168.1.19', 'QA Agent 19', NOW()),
(20, 'sess-20', '192.168.1.20', 'QA Agent 20', NOW());
